<?xml version="1.0" encoding="UTF-8" standalone="no"?>
<!--Custom BLE GATT-->
<gatt gatt_caching="true" generic_attribute_service="true" header="gatt_db.h" name="Custom BLE GATT" out="gatt_db.c" prefix="gattdb_">
  
  <!--Generic Access-->
  <service advertise="false" name="Generic Access" requirement="mandatory" sourceId="org.bluetooth.service.generic_access" type="primary" uuid="1800">
    <informativeText>Abstract: The generic_access service contains generic information about the device. All available Characteristics are readonly. </informativeText>
    
    <!--Device Name-->
    <characteristic id="device_name" name="Device Name" sourceId="org.bluetooth.characteristic.gap.device_name" uuid="2A00">
      <informativeText/>
      <value length="15" type="utf-8" variable_length="false">Sergei's Server</value>
      <properties read="true" read_requirement="optional" write="true" write_requirement="optional"/>
    </characteristic>
    
    <!--Appearance-->
    <characteristic name="Appearance" sourceId="org.bluetooth.characteristic.gap.appearance" uuid="2A01">
      <informativeText>Abstract: The external appearance of this device. The values are composed of a category (10-bits) and sub-categories (6-bits). </informativeText>
      <value length="2" type="hex" variable_length="false">0000</value>
      <properties const="true" const_requirement="optional" read="true" read_requirement="optional"/>
    </characteristic>
  </service>
  
  <!--Device Information-->
  <service advertise="false" name="Device Information" requirement="mandatory" sourceId="org.bluetooth.service.device_information" type="primary" uuid="180A">
    <informativeText>Abstract: The Device Information Service exposes manufacturer and/or vendor information about a device. Summary: This service exposes manufacturer information about a device. The Device Information Service is instantiated as a Primary Service. Only one instance of the Device Information Service is exposed on a device. </informativeText>
    
    <!--Manufacturer Name String-->
    <characteristic name="Manufacturer Name String" sourceId="org.bluetooth.characteristic.manufacturer_name_string" uuid="2A29">
      <informativeText>Abstract: The value of this characteristic is a UTF-8 string representing the name of the manufacturer of the device. </informativeText>
      <value length="12" type="utf-8" variable_length="false">Silicon Labs</value>
      <properties const="true" const_requirement="optional" read="true" read_requirement="optional"/>
    </characteristic>
    
    <!--Model Number String-->
    <characteristic name="Model Number String" sourceId="org.bluetooth.characteristic.model_number_string" uuid="2A24">
      <informativeText>Abstract: The value of this characteristic is a UTF-8 string representing the model number assigned by the device vendor. </informativeText>
      <value length="10" type="utf-8" variable_length="false">Blue Gecko</value>
      <properties const="true" const_requirement="optional" read="true" read_requirement="optional"/>
    </characteristic>
    
    <!--System ID-->
    <characteristic name="System ID" sourceId="org.bluetooth.characteristic.system_id" uuid="2A23">
      <informativeText>Abstract: The SYSTEM ID characteristic consists of a structure with two fields. The first field are the LSOs and the second field contains the MSOs.       This is a 64-bit structure which consists of a 40-bit manufacturer-defined identifier concatenated with a 24 bit unique Organizationally Unique Identifier (OUI). The OUI is issued by the IEEE Registration Authority (http://standards.ieee.org/regauth/index.html) and is required to be used in accordance with IEEE Standard 802-2001.6 while the least significant 40 bits are manufacturer defined.       If System ID generated based on a Bluetooth Device Address, it is required to be done as follows. System ID and the Bluetooth Device Address have a very similar structure: a Bluetooth Device Address is 48 bits in length and consists of a 24 bit Company Assigned Identifier (manufacturer defined identifier) concatenated with a 24 bit Company Identifier (OUI). In order to encapsulate a Bluetooth Device Address as System ID, the Company Identifier is concatenated with 0xFFFE followed by the Company Assigned Identifier of the Bluetooth Address. For more guidelines related to EUI-64, refer to http://standards.ieee.org/develop/regauth/tut/eui64.pdf. Examples: If the system ID is based of a Bluetooth Device Address with a Company Identifier (OUI) is 0x123456 and the Company Assigned Identifier is 0x9ABCDE, then the System Identifier is required to be 0x123456FFFE9ABCDE. </informativeText>
      <value length="6" type="hex" variable_length="false">000102030405</value>
      <properties const="true" const_requirement="optional" read="true" read_requirement="optional"/>
    </characteristic>
  </service>
  
  <!--Silicon Labs OTA-->
  <service advertise="false" name="Silicon Labs OTA" requirement="mandatory" sourceId="com.silabs.service.ota" type="primary" uuid="1D14D6EE-FD63-4FA1-BFA4-8F47B42119F0">
    <informativeText>Abstract: The Silicon Labs OTA Service enables over-the-air firmware update of the device. </informativeText>
    
    <!--Silicon Labs OTA Control-->
    <characteristic id="ota_control" name="Silicon Labs OTA Control" sourceId="com.silabs.characteristic.ota_control" uuid="F7BF3564-FB6D-4E53-88A4-5E37E0326063">
      <informativeText>Abstract: Silicon Labs OTA Control. </informativeText>
      <value length="1" type="user" variable_length="false"/>
      <properties write="true" write_requirement="optional"/>
    </characteristic>
  </service>
  
  <!--Current Time Service-->
  <service advertise="false" name="Current Time Service" requirement="mandatory" sourceId="org.bluetooth.service.current_time" type="primary" uuid="1805">
    <informativeText>Abstract:  This service defines how the current time can be exposed using the Generic Attribute Profile (GATT).  Summary:  Many Bluetooth devices have the ability to store and show time information. This service defines how a Bluetooth device can expose time information to other Bluetooth devices.  </informativeText>
    
    <!--Current Time-->
    <characteristic id="current_time" name="Current Time" sourceId="org.bluetooth.characteristic.current_time" uuid="2A2B">
      <informativeText/>
      <value length="10" type="user" variable_length="false">D0070101000000000000</value>
      <properties indicate="false" indicate_requirement="excluded" notify="true" notify_requirement="mandatory" read="true" read_requirement="mandatory" reliable_write="false" reliable_write_requirement="excluded" write="true" write_no_response="false" write_no_response_requirement="excluded" write_requirement="optional"/>
      
      <!--Client Characteristic Configuration-->
      <descriptor id="client_characteristic_configuration" name="Client Characteristic Configuration" sourceId="org.bluetooth.descriptor.gatt.client_characteristic_configuration" uuid="2902">
        <properties read="true" read_requirement="optional" write="true" write_requirement="optional"/>
        <value length="2" type="hex" variable_length="false">0000</value>
      </descriptor>
    </characteristic>
  </service>
  
  <!--Weather Service-->
  <service advertise="false" name="Weather Service" requirement="mandatory" sourceId="custom.type" type="primary" uuid="3281e57f-56ba-482e-b89d-3050efe2ab43">
    <informativeText>Custom service</informativeText>
    
    <!--Temperature-->
    <characteristic id="air_temp" name="Temperature" sourceId="custom.type" uuid="08d476a0-d060-4dd4-9795-6bc322111c0f">
      <informativeText>Custom characteristic</informativeText>
      <value length="1" type="hex" variable_length="false">0x00</value>
      <properties read="true" read_requirement="optional"/>
    </characteristic>
    
    <!--Humidity-->
    <characteristic id="air_humi" name="Humidity" sourceId="custom.type" uuid="1b177f83-10a1-4c88-8cdc-110f5d3c2ee8">
      <informativeText>Custom characteristic</informativeText>
      <value length="1" type="hex" variable_length="false">0x00</value>
      <properties read="true" read_requirement="optional"/>
    </characteristic>
    
    <!--Pressure-->
    <characteristic id="air_press" name="Pressure" sourceId="custom.type" uuid="8c5998f6-306b-4c9f-b8fc-82f6530077ed">
      <informativeText>Custom characteristic</informativeText>
      <value length="4" type="hex" variable_length="false">0x00</value>
      <properties read="true" read_requirement="optional"/>
    </characteristic>
    
    <!--Data notification-->
    <characteristic id="air_notif" name="Data notification" sourceId="custom.type" uuid="dba51660-5986-44f4-b5a1-55d82ec69890">
      <informativeText>Custom characteristic</informativeText>
      <value length="6" type="hex" variable_length="false">0x000000000000</value>
      <properties notify="true" notify_requirement="optional" read="true" read_requirement="optional"/>
      
      <!--Client Characteristic Configuration-->
      <descriptor id="client_characteristic_configuration_2" name="Client Characteristic Configuration" sourceId="org.bluetooth.descriptor.gatt.client_characteristic_configuration" uuid="2902">
        <properties read="true" read_requirement="optional" write="true" write_requirement="optional"/>
        <value length="2" type="hex" variable_length="false">0000</value>
      </descriptor>
    </characteristic>
  </service>
</gatt>
